time_period_start;time_period_end;time_open;time_close;rate_open;rate_high;rate_low;rate_close
2021-04-22T00:00:00.0000000Z;2021-04-23T00:00:00.0000000Z;2021-04-22T09:06:00.0000000Z;2021-04-22T23:59:00.0000000Z;1.3057883241152086E-06;0.009915345595838933;1.3057883241152086E-06;1.652455858864379E-06
2021-04-23T00:00:00.0000000Z;2021-04-24T00:00:00.0000000Z;2021-04-23T00:01:00.0000000Z;2021-04-23T23:59:00.0000000Z;1.670847595457685E-06;1.79065792607094E-06;1.1309458214461966E-06;1.2212594194420302E-06
2021-04-24T00:00:00.0000000Z;2021-04-25T00:00:00.0000000Z;2021-04-24T00:03:00.0000000Z;2021-04-24T23:59:00.0000000Z;1.2618077993532394E-06;1.7923058142158268E-06;1.1811173571016371E-06;1.4327915016925016E-06
2021-04-25T00:00:00.0000000Z;2021-04-26T00:00:00.0000000Z;2021-04-25T00:01:00.0000000Z;2021-04-25T23:59:00.0000000Z;1.3626861582502102E-06;1.6755289398695961E-06;1.0039015771585505E-06;1.3463365457384908E-06
2021-04-26T00:00:00.0000000Z;2021-04-27T00:00:00.0000000Z;2021-04-26T00:01:00.0000000Z;2021-04-26T23:59:00.0000000Z;1.351636937883317E-06;1.3934955779871725E-06;1.1590766545760392E-06;1.231274616353062E-06
2021-04-27T00:00:00.0000000Z;2021-04-28T00:00:00.0000000Z;2021-04-27T00:03:00.0000000Z;2021-04-27T23:59:00.0000000Z;1.44200942794891E-05;0.00022150339642047832;8.809340004780228E-07;1.7304134722940295E-05
2021-04-28T00:00:00.0000000Z;2021-04-29T00:00:00.0000000Z;2021-04-28T00:03:00.0000000Z;2021-04-28T23:59:00.0000000Z;1.121132191722446E-06;1.5616225133347868E-06;9.112360419880092E-07;1.4810273382739266E-06
2021-04-29T00:00:00.0000000Z;2021-04-30T00:00:00.0000000Z;2021-04-29T00:04:00.0000000Z;2021-04-29T23:59:00.0000000Z;1.492537859366154E-06;0.00012468471886005315;1.2808752833609276E-06;1.4005969248863885E-06
2021-04-30T00:00:00.0000000Z;2021-05-01T00:00:00.0000000Z;2021-04-30T00:01:00.0000000Z;2021-04-30T23:59:00.0000000Z;1.4108291830450873E-06;3.342607393687856E-06;1.3805413247355356E-06;2.373948357881944E-06
2021-05-01T00:00:00.0000000Z;2021-05-02T00:00:00.0000000Z;2021-05-01T00:01:00.0000000Z;2021-05-01T23:59:00.0000000Z;2.316906247849971E-06;2.668257072380099E-06;1.7013768428313198E-06;1.8045482002367275E-06
2021-05-02T00:00:00.0000000Z;2021-05-03T00:00:00.0000000Z;2021-05-02T00:02:00.0000000Z;2021-05-02T23:59:00.0000000Z;1.8417896249119232E-06;2.0515926900227364E-06;1.601575195734652E-06;1.6818590412788307E-06
2021-05-03T00:00:00.0000000Z;2021-05-04T00:00:00.0000000Z;2021-05-03T00:11:00.0000000Z;2021-05-03T23:59:00.0000000Z;1.744101518980989E-06;1.8308089407555472E-06;1.5415667936028983E-06;1.6205163922282967E-06
2021-05-04T00:00:00.0000000Z;2021-05-05T00:00:00.0000000Z;2021-05-04T00:01:00.0000000Z;2021-05-04T23:59:00.0000000Z;1.6200616532357444E-06;1.9345722207157764E-06;1.4623273533058625E-06;1.6805605846455941E-06
2021-05-05T00:00:00.0000000Z;2021-05-06T00:00:00.0000000Z;2021-05-05T00:05:00.0000000Z;2021-05-05T23:59:00.0000000Z;1.6710605793024395E-06;1.8327008681628764E-06;1.6208703763950034E-06;1.7019707593765664E-06
2021-05-06T00:00:00.0000000Z;2021-05-07T00:00:00.0000000Z;2021-05-06T00:01:00.0000000Z;2021-05-06T23:59:00.0000000Z;1.7146500051271452E-06;1.752647304693504E-06;1.4919094646491812E-06;1.5514144074541583E-06
2021-05-07T00:00:00.0000000Z;2021-05-08T00:00:00.0000000Z;2021-05-07T00:01:00.0000000Z;2021-05-07T23:59:00.0000000Z;1.5643505010689099E-06;3.2046018049005544E-06;1.4015212253316408E-06;2.8117235533755743E-06
2021-05-08T00:00:00.0000000Z;2021-05-09T00:00:00.0000000Z;2021-05-08T00:01:00.0000000Z;2021-05-08T23:59:00.0000000Z;2.8224849097475225E-06;2.250569799056133E-05;2.8224849097475225E-06;1.5835238457626356E-05
2021-05-09T00:00:00.0000000Z;2021-05-10T00:00:00.0000000Z;2021-05-09T00:01:00.0000000Z;2021-05-09T23:59:00.0000000Z;1.5495717429169793E-05;1.9810481653924608E-05;1.1749161748181223E-05;1.5639872917870983E-05
2021-05-10T00:00:00.0000000Z;2021-05-11T00:00:00.0000000Z;2021-05-10T00:01:00.0000000Z;2021-05-10T23:59:00.0000000Z;1.5639836192836118E-05;4.2021631846716254E-05;1.3633195495066807E-05;3.510977517288958E-05
2021-05-11T00:00:00.0000000Z;2021-05-12T00:00:00.0000000Z;2021-05-11T00:01:00.0000000Z;2021-05-11T23:59:00.0000000Z;3.525411989089381E-05;3.801755820368036E-05;2.811502739031531E-05;3.066080469402711E-05
2021-05-12T00:00:00.0000000Z;2021-05-13T00:00:00.0000000Z;2021-05-12T00:01:00.0000000Z;2021-05-12T23:59:00.0000000Z;3.0319296934093825E-05;3.151273528768584E-05;1.7467468062606002E-05;1.7467468062606002E-05
2021-05-13T00:00:00.0000000Z;2021-05-14T00:00:00.0000000Z;2021-05-13T00:01:00.0000000Z;2021-05-13T23:59:00.0000000Z;1.800406422798591E-05;2.3554378508697155E-05;1.560003498499192E-05;2.102591151913644E-05
2021-05-14T00:00:00.0000000Z;2021-05-15T00:00:00.0000000Z;2021-05-14T00:01:00.0000000Z;2021-05-14T23:59:00.0000000Z;2.065194647309736E-05;2.2218916154987977E-05;1.831329973469217E-05;1.8531645875877072E-05
2021-05-15T00:00:00.0000000Z;2021-05-16T00:00:00.0000000Z;2021-05-15T00:01:00.0000000Z;2021-05-15T23:59:00.0000000Z;1.83320238997412E-05;1.894427061043539E-05;1.505325634878289E-05;1.5596657803887184E-05
2021-05-16T00:00:00.0000000Z;2021-05-17T00:00:00.0000000Z;2021-05-16T00:01:00.0000000Z;2021-05-16T23:59:00.0000000Z;1.554100052497508E-05;1.957271732296841E-05;1.250593858310866E-05;1.7773997503893742E-05
2021-05-17T00:00:00.0000000Z;2021-05-18T00:00:00.0000000Z;2021-05-17T00:01:00.0000000Z;2021-05-17T23:59:00.0000000Z;1.7675409785342225E-05;1.8093672608239976E-05;1.4163339487718937E-05;1.6552636495630314E-05
2021-05-18T00:00:00.0000000Z;2021-05-19T00:00:00.0000000Z;2021-05-18T00:01:00.0000000Z;2021-05-18T23:59:00.0000000Z;1.6532761475450488E-05;1.802839656749706E-05;1.5296306088350044E-05;1.5650262999602105E-05
2021-05-19T00:00:00.0000000Z;2021-05-20T00:00:00.0000000Z;2021-05-19T00:01:00.0000000Z;2021-05-19T23:59:00.0000000Z;1.561804231693547E-05;1.5797056234272184E-05;6.477476639314882E-06;9.230838193747962E-06
2021-05-20T00:00:00.0000000Z;2021-05-21T00:00:00.0000000Z;2021-05-20T00:01:00.0000000Z;2021-05-20T23:59:00.0000000Z;9.222395358274674E-06;1.2147111330406151E-05;8.040303531080969E-06;9.729356414813373E-06
2021-05-21T00:00:00.0000000Z;2021-05-22T00:00:00.0000000Z;2021-05-21T00:01:00.0000000Z;2021-05-21T23:59:00.0000000Z;9.745936440713278E-06;1.0327679439268812E-05;6.610977683061191E-06;8.217935323679724E-06
2021-05-22T00:00:00.0000000Z;2021-05-23T00:00:00.0000000Z;2021-05-22T00:01:00.0000000Z;2021-05-22T23:59:00.0000000Z;8.20340559604229E-06;9.930302946015514E-06;6.838065509255688E-06;8.307924194183624E-06
2021-05-23T00:00:00.0000000Z;2021-05-24T00:00:00.0000000Z;2021-05-23T00:01:00.0000000Z;2021-05-23T23:59:00.0000000Z;8.288887797293293E-06;9.594703959679826E-06;6.970611865473084E-06;8.131537265055652E-06
2021-05-24T00:00:00.0000000Z;2021-05-25T00:00:00.0000000Z;2021-05-24T00:01:00.0000000Z;2021-05-24T23:59:00.0000000Z;8.16254426037197E-06;1.2025886406454841E-05;7.750980684589652E-06;1.0646583738101186E-05
2021-05-25T00:00:00.0000000Z;2021-05-26T00:00:00.0000000Z;2021-05-25T00:01:00.0000000Z;2021-05-25T23:59:00.0000000Z;1.0669381766528784E-05;1.114843393932649E-05;8.800891202750227E-06;9.393191956426159E-06
2021-05-26T00:00:00.0000000Z;2021-05-27T00:00:00.0000000Z;2021-05-26T00:01:00.0000000Z;2021-05-26T23:59:00.0000000Z;9.424673387996873E-06;1.0472695365510143E-05;9.184553055788246E-06;9.515626182770095E-06
2021-05-27T00:00:00.0000000Z;2021-05-28T00:00:00.0000000Z;2021-05-27T00:01:00.0000000Z;2021-05-27T23:59:00.0000000Z;9.50002938753983E-06;9.534181421518667E-06;8.539302412918077E-06;8.776408936096722E-06
2021-05-28T00:00:00.0000000Z;2021-05-29T00:00:00.0000000Z;2021-05-28T00:01:00.0000000Z;2021-05-28T23:59:00.0000000Z;8.770610291697892E-06;8.857677391400405E-06;7.529369963760817E-06;7.910587050413237E-06
2021-05-29T00:00:00.0000000Z;2021-05-30T00:00:00.0000000Z;2021-05-29T00:01:00.0000000Z;2021-05-29T23:59:00.0000000Z;7.876013587373618E-06;8.207882478304325E-06;7.319702132489375E-06;7.899963394178164E-06
2021-05-30T00:00:00.0000000Z;2021-05-31T00:00:00.0000000Z;2021-05-30T00:01:00.0000000Z;2021-05-30T23:59:00.0000000Z;7.868853612081752E-06;8.129257801501282E-06;7.560339930436154E-06;7.858027937513715E-06
2021-05-31T00:00:00.0000000Z;2021-06-01T00:00:00.0000000Z;2021-05-31T00:01:00.0000000Z;2021-05-31T23:59:00.0000000Z;7.857125339495411E-06;9.976761152475808E-06;7.715240387945435E-06;9.28825597525302E-06
2021-06-01T00:00:00.0000000Z;2021-06-02T00:00:00.0000000Z;2021-06-01T00:01:00.0000000Z;2021-06-01T23:59:00.0000000Z;9.174485794079414E-06;9.434762544639352E-06;8.332397111531432E-06;8.822681691737367E-06
2021-06-02T00:00:00.0000000Z;2021-06-03T00:00:00.0000000Z;2021-06-02T00:01:00.0000000Z;2021-06-02T23:59:00.0000000Z;8.856380643438428E-06;1.0336202203424673E-05;8.588751569590864E-06;9.433964493524729E-06
2021-06-03T00:00:00.0000000Z;2021-06-04T00:00:00.0000000Z;2021-06-03T00:01:00.0000000Z;2021-06-03T23:59:00.0000000Z;9.425514147482271E-06;1.0373987724152389E-05;9.309378677945417E-06;9.81689686569249E-06
2021-06-04T00:00:00.0000000Z;2021-06-05T00:00:00.0000000Z;2021-06-04T00:01:00.0000000Z;2021-06-04T23:59:00.0000000Z;9.830134406337055E-06;9.832563056524525E-06;8.332137937893588E-06;8.814537847172867E-06
2021-06-05T00:00:00.0000000Z;2021-06-06T00:00:00.0000000Z;2021-06-05T00:01:00.0000000Z;2021-06-05T23:59:00.0000000Z;8.814755787187213E-06;9.1228438281637E-06;8.22299748571694E-06;8.422970486048478E-06
2021-06-06T00:00:00.0000000Z;2021-06-07T00:00:00.0000000Z;2021-06-06T00:01:00.0000000Z;2021-06-06T23:59:00.0000000Z;8.43597534853448E-06;8.63361039482179E-06;8.343381000479517E-06;8.54203528897568E-06
2021-06-07T00:00:00.0000000Z;2021-06-08T00:00:00.0000000Z;2021-06-07T00:01:00.0000000Z;2021-06-07T23:59:00.0000000Z;8.539082328495335E-06;8.714953124372152E-06;7.517541209682115E-06;7.715042712762804E-06
2021-06-08T00:00:00.0000000Z;2021-06-09T00:00:00.0000000Z;2021-06-08T00:01:00.0000000Z;2021-06-08T23:59:00.0000000Z;7.770652978605714E-06;7.877422545412786E-06;6.323243900320863E-06;7.2359893465685225E-06
2021-06-09T00:00:00.0000000Z;2021-06-10T00:00:00.0000000Z;2021-06-09T00:01:00.0000000Z;2021-06-09T23:59:00.0000000Z;7.184855774526785E-06;7.595846852698368E-06;6.856504336027033E-06;7.385641318807201E-06
2021-06-10T00:00:00.0000000Z;2021-06-11T00:00:00.0000000Z;2021-06-10T00:01:00.0000000Z;2021-06-10T23:59:00.0000000Z;7.3904643548462264E-06;7.414861618279773E-06;6.80382882288548E-06;6.831959755333273E-06
2021-06-11T00:00:00.0000000Z;2021-06-12T00:00:00.0000000Z;2021-06-11T00:01:00.0000000Z;2021-06-11T23:59:00.0000000Z;6.8436900129285616E-06;6.882784479367458E-06;6.020698036200786E-06;6.209002576701751E-06
2021-06-12T00:00:00.0000000Z;2021-06-13T00:00:00.0000000Z;2021-06-12T00:01:00.0000000Z;2021-06-12T23:59:00.0000000Z;6.190540207342183E-06;6.531906045298528E-06;5.569266395792073E-06;6.272043285002092E-06
2021-06-13T00:00:00.0000000Z;2021-06-14T00:00:00.0000000Z;2021-06-13T00:01:00.0000000Z;2021-06-13T23:59:00.0000000Z;6.300290337473628E-06;7.084667984245062E-06;6.061135288936546E-06;6.860963183804605E-06
2021-06-14T00:00:00.0000000Z;2021-06-15T00:00:00.0000000Z;2021-06-14T00:01:00.0000000Z;2021-06-14T23:59:00.0000000Z;6.909271209155046E-06;7.200660384166752E-06;6.679030198865449E-06;7.08306290612236E-06
2021-06-15T00:00:00.0000000Z;2021-06-16T00:00:00.0000000Z;2021-06-15T00:01:00.0000000Z;2021-06-15T23:59:00.0000000Z;7.085043348167332E-06;9.870788496354823E-06;6.932338640732638E-06;9.02575020841673E-06
2021-06-16T00:00:00.0000000Z;2021-06-17T00:00:00.0000000Z;2021-06-16T00:01:00.0000000Z;2021-06-16T23:59:00.0000000Z;8.970858756499405E-06;9.234013790883434E-06;8.14810302622643E-06;8.308534151486598E-06
2021-06-17T00:00:00.0000000Z;2021-06-18T00:00:00.0000000Z;2021-06-17T00:01:00.0000000Z;2021-06-17T23:59:00.0000000Z;8.359800586288133E-06;8.48092848166469E-06;7.722343146660572E-06;7.95157205675323E-06
2021-06-18T00:00:00.0000000Z;2021-06-19T00:00:00.0000000Z;2021-06-18T00:01:00.0000000Z;2021-06-18T23:59:00.0000000Z;7.940014758532108E-06;7.970566020261489E-06;7.0047369179692225E-06;7.23442118632281E-06
2021-06-19T00:00:00.0000000Z;2021-06-20T00:00:00.0000000Z;2021-06-19T00:01:00.0000000Z;2021-06-19T23:59:00.0000000Z;7.234897605148118E-06;8.450230619976345E-06;7.2146915771702875E-06;7.6060528819962475E-06
2021-06-20T00:00:00.0000000Z;2021-06-21T00:00:00.0000000Z;2021-06-20T00:01:00.0000000Z;2021-06-20T23:59:00.0000000Z;7.617239033756475E-06;8.04015572978665E-06;7.129146678903722E-06;7.79860820807383E-06
2021-06-21T00:00:00.0000000Z;2021-06-22T00:00:00.0000000Z;2021-06-21T00:01:00.0000000Z;2021-06-21T23:59:00.0000000Z;7.786264580989E-06;7.818578968682492E-06;6.089750923345119E-06;6.213567990570972E-06
2021-06-22T00:00:00.0000000Z;2021-06-23T00:00:00.0000000Z;2021-06-22T00:01:00.0000000Z;2021-06-22T23:59:00.0000000Z;6.2512004360132085E-06;6.999120950126217E-06;5.59754373439859E-06;6.3234567818156855E-06
2021-06-23T00:00:00.0000000Z;2021-06-24T00:00:00.0000000Z;2021-06-23T00:01:00.0000000Z;2021-06-23T23:59:00.0000000Z;6.3243459697337405E-06;7.099701119456243E-06;6.10281915570559E-06;6.831016033147661E-06
2021-06-24T00:00:00.0000000Z;2021-06-25T00:00:00.0000000Z;2021-06-24T00:01:00.0000000Z;2021-06-24T23:59:00.0000000Z;6.832305753906822E-06;7.355894416070784E-06;6.569411255798763E-06;7.199615960794388E-06
2021-06-25T00:00:00.0000000Z;2021-06-26T00:00:00.0000000Z;2021-06-25T00:01:00.0000000Z;2021-06-25T23:59:00.0000000Z;7.226679730306075E-06;8.359630719017501E-06;6.724104355287618E-06;7.071640065103758E-06
2021-06-26T00:00:00.0000000Z;2021-06-27T00:00:00.0000000Z;2021-06-26T00:01:00.0000000Z;2021-06-26T23:59:00.0000000Z;7.081202071116503E-06;7.5319652914548E-06;6.924036998958205E-06;7.468906060156274E-06
2021-06-27T00:00:00.0000000Z;2021-06-28T00:00:00.0000000Z;2021-06-27T00:01:00.0000000Z;2021-06-27T23:59:00.0000000Z;7.480815213859033E-06;7.869823860439144E-06;7.272083163646473E-06;7.861640408823261E-06
2021-06-28T00:00:00.0000000Z;2021-06-29T00:00:00.0000000Z;2021-06-28T00:01:00.0000000Z;2021-06-28T23:59:00.0000000Z;7.805891975119453E-06;8.20174524327714E-06;7.583053234048151E-06;8.05860117290399E-06
2021-06-29T00:00:00.0000000Z;2021-06-30T00:00:00.0000000Z;2021-06-29T00:01:00.0000000Z;2021-06-29T23:59:00.0000000Z;8.088940715550326E-06;9.593979389797699E-06;8.034037324009095E-06;8.839978390648947E-06
2021-06-30T00:00:00.0000000Z;2021-07-01T00:00:00.0000000Z;2021-06-30T00:01:00.0000000Z;2021-06-30T23:59:00.0000000Z;8.881134376230189E-06;9.217542702509104E-06;8.011900400786865E-06;8.840517740021028E-06
2021-07-01T00:00:00.0000000Z;2021-07-02T00:00:00.0000000Z;2021-07-01T00:01:00.0000000Z;2021-07-01T23:59:00.0000000Z;8.76797720457254E-06;8.76797720457254E-06;8.15999683474854E-06;8.34319007080693E-06
2021-07-02T00:00:00.0000000Z;2021-07-03T00:00:00.0000000Z;2021-07-02T00:01:00.0000000Z;2021-07-02T23:59:00.0000000Z;8.338269367712645E-06;8.436676892568264E-06;8.051055100175929E-06;8.370114001223823E-06
2021-07-03T00:00:00.0000000Z;2021-07-04T00:00:00.0000000Z;2021-07-03T00:01:00.0000000Z;2021-07-03T23:59:00.0000000Z;8.357813975054739E-06;8.787481554345303E-06;8.299833331125506E-06;8.645717246944979E-06
2021-07-04T00:00:00.0000000Z;2021-07-05T00:00:00.0000000Z;2021-07-04T00:01:00.0000000Z;2021-07-04T23:59:00.0000000Z;8.65323992832214E-06;8.933062100554131E-06;8.454355043182392E-06;8.72137723768427E-06
2021-07-05T00:00:00.0000000Z;2021-07-06T00:00:00.0000000Z;2021-07-05T00:01:00.0000000Z;2021-07-05T23:59:00.0000000Z;8.696947414249737E-06;8.696947414249737E-06;8.167056842369675E-06;8.32536255670954E-06
2021-07-06T00:00:00.0000000Z;2021-07-07T00:00:00.0000000Z;2021-07-06T00:01:00.0000000Z;2021-07-06T23:59:00.0000000Z;8.315800970623226E-06;9.233972296760666E-06;8.315800970623226E-06;8.739974613680869E-06
2021-07-07T00:00:00.0000000Z;2021-07-08T00:00:00.0000000Z;2021-07-07T00:01:00.0000000Z;2021-07-07T23:59:00.0000000Z;8.71422573869602E-06;8.952805915053371E-06;8.528518241887294E-06;8.55993735145696E-06
2021-07-08T00:00:00.0000000Z;2021-07-09T00:00:00.0000000Z;2021-07-08T00:01:00.0000000Z;2021-07-08T23:59:00.0000000Z;8.532711285733917E-06;8.564057763938621E-06;7.811364857333589E-06;8.020738814284195E-06
2021-07-09T00:00:00.0000000Z;2021-07-10T00:00:00.0000000Z;2021-07-09T00:01:00.0000000Z;2021-07-09T23:59:00.0000000Z;8.008845352154055E-06;8.10096707570696E-06;7.701472736308181E-06;7.914312404717336E-06
2021-07-10T00:00:00.0000000Z;2021-07-11T00:00:00.0000000Z;2021-07-10T00:01:00.0000000Z;2021-07-10T23:59:00.0000000Z;7.891743568512448E-06;8.08916411884686E-06;7.537379206599987E-06;7.680784837678574E-06
2021-07-11T00:00:00.0000000Z;2021-07-12T00:00:00.0000000Z;2021-07-11T00:01:00.0000000Z;2021-07-11T23:59:00.0000000Z;7.683741096099867E-06;7.9783545692335E-06;7.56794080409594E-06;7.851489237690924E-06
2021-07-12T00:00:00.0000000Z;2021-07-13T00:00:00.0000000Z;2021-07-12T00:01:00.0000000Z;2021-07-12T23:59:00.0000000Z;7.863668682489465E-06;7.989657465765022E-06;7.325017460854243E-06;7.5709855721515645E-06
2021-07-13T00:00:00.0000000Z;2021-07-14T00:00:00.0000000Z;2021-07-13T00:01:00.0000000Z;2021-07-13T23:59:00.0000000Z;7.553894033988813E-06;7.594040676908022E-06;7.0501953978728895E-06;7.122656049146852E-06
2021-07-14T00:00:00.0000000Z;2021-07-15T00:00:00.0000000Z;2021-07-14T00:01:00.0000000Z;2021-07-14T23:59:00.0000000Z;7.123732831190895E-06;7.563414618911663E-06;6.723904601641117E-06;7.222590241480709E-06
2021-07-15T00:00:00.0000000Z;2021-07-16T00:00:00.0000000Z;2021-07-15T00:01:00.0000000Z;2021-07-15T23:59:00.0000000Z;7.262062393578998E-06;7.354239676150559E-06;6.789922560296102E-06;6.900702856657144E-06
2021-07-16T00:00:00.0000000Z;2021-07-17T00:00:00.0000000Z;2021-07-16T00:01:00.0000000Z;2021-07-16T23:59:00.0000000Z;6.9190355564478636E-06;6.998428742847483E-06;6.552713093317193E-06;6.634953660677701E-06
2021-07-17T00:00:00.0000000Z;2021-07-18T00:00:00.0000000Z;2021-07-17T00:01:00.0000000Z;2021-07-17T23:59:00.0000000Z;6.630327707476792E-06;7.05353464822182E-06;6.5653359925258336E-06;6.801654644819306E-06
2021-07-18T00:00:00.0000000Z;2021-07-19T00:00:00.0000000Z;2021-07-18T00:01:00.0000000Z;2021-07-18T23:59:00.0000000Z;6.797133809953797E-06;7.0136414518999985E-06;6.612482926418941E-06;6.648197821503962E-06
2021-07-19T00:00:00.0000000Z;2021-07-20T00:00:00.0000000Z;2021-07-19T00:01:00.0000000Z;2021-07-19T23:59:00.0000000Z;6.6391860824318E-06;6.675683980951999E-06;6.0789416521078E-06;6.182783576055563E-06
2021-07-20T00:00:00.0000000Z;2021-07-21T00:00:00.0000000Z;2021-07-20T00:01:00.0000000Z;2021-07-20T23:59:00.0000000Z;6.192116176388021E-06;6.232093221641067E-06;5.7113143160225265E-06;5.890357590791248E-06
2021-07-21T00:00:00.0000000Z;2021-07-22T00:00:00.0000000Z;2021-07-21T00:01:00.0000000Z;2021-07-21T23:59:00.0000000Z;5.882810660607142E-06;6.954475317988119E-06;5.7826988859896816E-06;6.541748342419707E-06
2021-07-22T00:00:00.0000000Z;2021-07-23T00:00:00.0000000Z;2021-07-22T00:01:00.0000000Z;2021-07-22T23:59:00.0000000Z;6.524353258206063E-06;6.6507738525363425E-06;6.360171571870159E-06;6.459120816430456E-06
2021-07-23T00:00:00.0000000Z;2021-07-24T00:00:00.0000000Z;2021-07-23T00:01:00.0000000Z;2021-07-23T23:59:00.0000000Z;6.463687034219389E-06;6.683034655221283E-06;6.1342870485968485E-06;6.474071610436839E-06
2021-07-24T00:00:00.0000000Z;2021-07-25T00:00:00.0000000Z;2021-07-24T00:01:00.0000000Z;2021-07-24T23:59:00.0000000Z;6.480939279994653E-06;6.656246179017835E-06;6.323515223385931E-06;6.4525650608354775E-06
2021-07-25T00:00:00.0000000Z;2021-07-26T00:00:00.0000000Z;2021-07-25T00:01:00.0000000Z;2021-07-25T23:59:00.0000000Z;6.456251432587319E-06;6.5355104828731165E-06;6.165413459288595E-06;6.36412607055787E-06
2021-07-26T00:00:00.0000000Z;2021-07-27T00:00:00.0000000Z;2021-07-26T00:01:00.0000000Z;2021-07-26T23:59:00.0000000Z;6.354573312031557E-06;6.9053220323155165E-06;6.252202809188844E-06;6.3228868255918E-06
2021-07-27T00:00:00.0000000Z;2021-07-28T00:00:00.0000000Z;2021-07-27T00:01:00.0000000Z;2021-07-27T23:59:00.0000000Z;6.301135391492621E-06;6.414692961451237E-06;6.050761137980855E-06;6.3136625155739985E-06
2021-07-28T00:00:00.0000000Z;2021-07-29T00:00:00.0000000Z;2021-07-28T00:01:00.0000000Z;2021-07-28T23:59:00.0000000Z;6.302675534558488E-06;6.353208865754308E-06;6.145698890131177E-06;6.1819441437239385E-06
2021-07-29T00:00:00.0000000Z;2021-07-30T00:00:00.0000000Z;2021-07-29T00:01:00.0000000Z;2021-07-29T23:59:00.0000000Z;6.191252808048044E-06;6.500983302195814E-06;6.094500851184845E-06;6.2908768822681266E-06
2021-07-30T00:00:00.0000000Z;2021-07-31T00:00:00.0000000Z;2021-07-30T00:01:00.0000000Z;2021-07-30T23:59:00.0000000Z;6.309881428588722E-06;6.412279064943414E-06;6.114136362928436E-06;6.291107344830124E-06
2021-07-31T00:00:00.0000000Z;2021-08-01T00:00:00.0000000Z;2021-07-31T00:01:00.0000000Z;2021-07-31T23:59:00.0000000Z;6.291631539262647E-06;6.309075963178663E-06;6.199646330519323E-06;6.255487683685368E-06
2021-08-01T00:00:00.0000000Z;2021-08-02T00:00:00.0000000Z;2021-08-01T00:01:00.0000000Z;2021-08-01T23:59:00.0000000Z;6.230745214650086E-06;6.7140581735907805E-06;6.212239182733713E-06;6.312678238208934E-06
2021-08-02T00:00:00.0000000Z;2021-08-03T00:00:00.0000000Z;2021-08-02T00:01:00.0000000Z;2021-08-02T23:59:00.0000000Z;6.297114805110049E-06;6.433531277354944E-06;6.213161339301914E-06;6.3450223792628625E-06
2021-08-03T00:00:00.0000000Z;2021-08-04T00:00:00.0000000Z;2021-08-03T00:01:00.0000000Z;2021-08-03T23:59:00.0000000Z;6.353379175883127E-06;6.3934738317718845E-06;6.149897149849246E-06;6.161196184732941E-06
2021-08-04T00:00:00.0000000Z;2021-08-05T00:00:00.0000000Z;2021-08-04T00:01:00.0000000Z;2021-08-04T23:59:00.0000000Z;6.177932082089983E-06;6.326372488867379E-06;6.108343318813594E-06;6.2327135830657606E-06
2021-08-05T00:00:00.0000000Z;2021-08-06T00:00:00.0000000Z;2021-08-05T00:01:00.0000000Z;2021-08-05T23:59:00.0000000Z;6.235271284092491E-06;6.248662561620912E-06;6.109742832253217E-06;6.220790997639904E-06
2021-08-06T00:00:00.0000000Z;2021-08-07T00:00:00.0000000Z;2021-08-06T00:01:00.0000000Z;2021-08-06T23:59:00.0000000Z;6.213089516422398E-06;6.422903321513798E-06;6.133775229977062E-06;6.302600358006936E-06
2021-08-07T00:00:00.0000000Z;2021-08-08T00:00:00.0000000Z;2021-08-07T00:01:00.0000000Z;2021-08-07T23:59:00.0000000Z;6.313670565847943E-06;7.89333289611217E-06;6.292171169855955E-06;7.807970802199415E-06
2021-08-08T00:00:00.0000000Z;2021-08-09T00:00:00.0000000Z;2021-08-08T00:01:00.0000000Z;2021-08-08T23:59:00.0000000Z;7.847073560106151E-06;8.845111197219114E-06;7.244478622511202E-06;7.303287170041853E-06
2021-08-09T00:00:00.0000000Z;2021-08-10T00:00:00.0000000Z;2021-08-09T00:01:00.0000000Z;2021-08-09T23:59:00.0000000Z;7.3277565367004965E-06;7.88315878234094E-06;7.105693020529635E-06;7.640326904190554E-06
2021-08-10T00:00:00.0000000Z;2021-08-11T00:00:00.0000000Z;2021-08-10T00:01:00.0000000Z;2021-08-10T23:59:00.0000000Z;7.613664124551953E-06;7.895610453549677E-06;7.333480821033185E-06;7.572930411340214E-06
2021-08-11T00:00:00.0000000Z;2021-08-12T00:00:00.0000000Z;2021-08-11T00:01:00.0000000Z;2021-08-11T23:59:00.0000000Z;7.578394922861065E-06;8.276544074145429E-06;7.555318121333409E-06;7.797470935389664E-06
2021-08-12T00:00:00.0000000Z;2021-08-13T00:00:00.0000000Z;2021-08-12T00:01:00.0000000Z;2021-08-12T23:59:00.0000000Z;7.765650501289366E-06;8.223501090214482E-06;7.448130526468198E-06;7.6287599009171465E-06
2021-08-13T00:00:00.0000000Z;2021-08-14T00:00:00.0000000Z;2021-08-13T00:01:00.0000000Z;2021-08-13T23:59:00.0000000Z;7.648566979763864E-06;8.16582394644067E-06;7.609037154048014E-06;8.133969169040992E-06
2021-08-14T00:00:00.0000000Z;2021-08-15T00:00:00.0000000Z;2021-08-14T00:01:00.0000000Z;2021-08-14T23:59:00.0000000Z;8.124906258191125E-06;8.528481336201232E-06;7.863566618297721E-06;8.131643009750086E-06
2021-08-15T00:00:00.0000000Z;2021-08-16T00:00:00.0000000Z;2021-08-15T00:01:00.0000000Z;2021-08-15T23:59:00.0000000Z;8.156359877985396E-06;8.752155737581817E-06;7.865643555391075E-06;8.581851777519263E-06
2021-08-16T00:00:00.0000000Z;2021-08-17T00:00:00.0000000Z;2021-08-16T00:01:00.0000000Z;2021-08-16T23:59:00.0000000Z;8.598614708825892E-06;9.474702847825414E-06;8.373772949388721E-06;9.048012902502377E-06
2021-08-17T00:00:00.0000000Z;2021-08-18T00:00:00.0000000Z;2021-08-17T00:01:00.0000000Z;2021-08-17T23:59:00.0000000Z;9.075731704148674E-06;9.371197069495978E-06;8.001774349223077E-06;8.061822440805222E-06
2021-08-18T00:00:00.0000000Z;2021-08-19T00:00:00.0000000Z;2021-08-18T00:01:00.0000000Z;2021-08-18T23:59:00.0000000Z;8.068371551082503E-06;8.324662501272458E-06;7.777537183222196E-06;8.01407989585411E-06
2021-08-19T00:00:00.0000000Z;2021-08-20T00:00:00.0000000Z;2021-08-19T00:01:00.0000000Z;2021-08-19T23:59:00.0000000Z;8.038653783781285E-06;8.330489815486163E-06;7.865617829983829E-06;8.330489815486163E-06
2021-08-20T00:00:00.0000000Z;2021-08-21T00:00:00.0000000Z;2021-08-20T00:01:00.0000000Z;2021-08-20T23:59:00.0000000Z;8.336478373840712E-06;8.604578042407139E-06;8.237009764506175E-06;8.493683677986001E-06
2021-08-21T00:00:00.0000000Z;2021-08-22T00:00:00.0000000Z;2021-08-21T00:01:00.0000000Z;2021-08-21T23:59:00.0000000Z;8.49365811115947E-06;8.506050700495642E-06;8.138769749640094E-06;8.141291377768388E-06
2021-08-22T00:00:00.0000000Z;2021-08-23T00:00:00.0000000Z;2021-08-22T00:01:00.0000000Z;2021-08-22T23:59:00.0000000Z;8.146817348393316E-06;8.439518775176903E-06;8.057967836353953E-06;8.217840081211436E-06
2021-08-23T00:00:00.0000000Z;2021-08-24T00:00:00.0000000Z;2021-08-23T00:01:00.0000000Z;2021-08-23T23:59:00.0000000Z;8.218748155645676E-06;8.416406231016174E-06;8.136772300608835E-06;8.203579915862179E-06
2021-08-24T00:00:00.0000000Z;2021-08-25T00:00:00.0000000Z;2021-08-24T00:01:00.0000000Z;2021-08-24T23:59:00.0000000Z;8.194922675189294E-06;8.227549955495153E-06;7.355807701600731E-06;7.487147225441007E-06
2021-08-25T00:00:00.0000000Z;2021-08-26T00:00:00.0000000Z;2021-08-25T00:01:00.0000000Z;2021-08-25T23:59:00.0000000Z;7.508448146493852E-06;7.712240047358781E-06;7.1829896071669305E-06;7.50283005327996E-06
2021-08-26T00:00:00.0000000Z;2021-08-27T00:00:00.0000000Z;2021-08-26T00:01:00.0000000Z;2021-08-26T23:59:00.0000000Z;7.533267210275191E-06;7.641038381901534E-06;6.884863436851936E-06;6.992142287610183E-06
2021-08-27T00:00:00.0000000Z;2021-08-28T00:00:00.0000000Z;2021-08-27T00:01:00.0000000Z;2021-08-27T23:59:00.0000000Z;6.958557746237466E-06;7.567717509941079E-06;6.833702542361767E-06;7.472114319918898E-06
2021-08-28T00:00:00.0000000Z;2021-08-29T00:00:00.0000000Z;2021-08-28T00:01:00.0000000Z;2021-08-28T23:59:00.0000000Z;7.47963697663267E-06;7.493933003745229E-06;7.198798760269728E-06;7.225475862350104E-06
2021-08-29T00:00:00.0000000Z;2021-08-30T00:00:00.0000000Z;2021-08-29T00:01:00.0000000Z;2021-08-29T23:59:00.0000000Z;7.245231496575013E-06;7.393863092330435E-06;7.047183662483103E-06;7.10633832687246E-06
2021-08-30T00:00:00.0000000Z;2021-08-31T00:00:00.0000000Z;2021-08-30T00:01:00.0000000Z;2021-08-30T23:59:00.0000000Z;7.1157467455573485E-06;7.125794635510617E-06;6.566522255037618E-06;6.662509376567102E-06
2021-08-31T00:00:00.0000000Z;2021-09-01T00:00:00.0000000Z;2021-08-31T00:01:00.0000000Z;2021-08-31T23:59:00.0000000Z;6.66718915443644E-06;7.112526229214597E-06;6.651830793068923E-06;6.864162706393015E-06
2021-09-01T00:00:00.0000000Z;2021-09-02T00:00:00.0000000Z;2021-09-01T00:01:00.0000000Z;2021-09-01T23:59:00.0000000Z;6.837925241799352E-06;7.213958200570827E-06;6.672944720843672E-06;7.203557968754078E-06
2021-09-02T00:00:00.0000000Z;2021-09-03T00:00:00.0000000Z;2021-09-02T00:01:00.0000000Z;2021-09-02T23:59:00.0000000Z;7.253844217863175E-06;7.3626940105067475E-06;7.026784350475031E-06;7.085208393813447E-06
2021-09-03T00:00:00.0000000Z;2021-09-04T00:00:00.0000000Z;2021-09-03T00:01:00.0000000Z;2021-09-03T23:59:00.0000000Z;7.091277807042143E-06;7.243973635216871E-06;6.903202966844904E-06;7.067558845115544E-06
2021-09-04T00:00:00.0000000Z;2021-09-05T00:00:00.0000000Z;2021-09-04T00:01:00.0000000Z;2021-09-04T23:59:00.0000000Z;7.06713918543888E-06;7.683347827456039E-06;7.056689587166412E-06;7.457765298532167E-06
2021-09-05T00:00:00.0000000Z;2021-09-06T00:00:00.0000000Z;2021-09-05T00:01:00.0000000Z;2021-09-05T23:59:00.0000000Z;7.440943731245615E-06;7.554710394980574E-06;7.260486954653999E-06;7.554710394980574E-06
2021-09-06T00:00:00.0000000Z;2021-09-07T00:00:00.0000000Z;2021-09-06T00:01:00.0000000Z;2021-09-06T23:59:00.0000000Z;7.529023787199703E-06;7.637718109426767E-06;7.016334100490388E-06;7.2376672672185744E-06
2021-09-07T00:00:00.0000000Z;2021-09-08T00:00:00.0000000Z;2021-09-07T00:01:00.0000000Z;2021-09-07T23:59:00.0000000Z;7.2428667000126585E-06;7.248582770654401E-06;5.158565805682743E-06;6.036480381006561E-06
2021-09-08T00:00:00.0000000Z;2021-09-09T00:00:00.0000000Z;2021-09-08T00:01:00.0000000Z;2021-09-08T23:59:00.0000000Z;6.077095834897106E-06;8.128066343438304E-06;5.446903748607026E-06;6.676061223910694E-06
2021-09-09T00:00:00.0000000Z;2021-09-10T00:00:00.0000000Z;2021-09-09T00:01:00.0000000Z;2021-09-09T23:59:00.0000000Z;6.66930161823726E-06;2.1522166505893042E-05;6.577146719349315E-06;1.880283037765271E-05
2021-09-10T00:00:00.0000000Z;2021-09-11T00:00:00.0000000Z;2021-09-10T00:01:00.0000000Z;2021-09-10T23:59:00.0000000Z;5.75E-05;6E-05;6.78E-06;7.02E-06
2021-09-11T00:00:00.0000000Z;2021-09-12T00:00:00.0000000Z;2021-09-11T00:01:00.0000000Z;2021-09-11T23:59:00.0000000Z;7.050092343319678E-06;7.113794274647769E-06;6.729024286179963E-06;6.76088063277847E-06
2021-09-12T00:00:00.0000000Z;2021-09-13T00:00:00.0000000Z;2021-09-12T00:01:00.0000000Z;2021-09-12T23:59:00.0000000Z;6.781681654037134E-06;6.983021812967479E-06;6.648812480575012E-06;6.909366435978002E-06
2021-09-13T00:00:00.0000000Z;2021-09-14T00:00:00.0000000Z;2021-09-13T00:01:00.0000000Z;2021-09-13T23:59:00.0000000Z;6.923937306055613E-06;6.972275863369031E-06;6.26963520745137E-06;6.50167436898948E-06
2021-09-14T00:00:00.0000000Z;2021-09-15T00:00:00.0000000Z;2021-09-14T00:01:00.0000000Z;2021-09-14T23:59:00.0000000Z;6.48E-06;6.72E-06;6.44E-06;6.67E-06
2021-09-15T00:00:00.0000000Z;2021-09-16T00:00:00.0000000Z;2021-09-15T00:01:00.0000000Z;2021-09-15T23:59:00.0000000Z;6.6714417359556705E-06;6.889517709280925E-06;6.6005234020544495E-06;6.7628085966847585E-06
2021-09-16T00:00:00.0000000Z;2021-09-17T00:00:00.0000000Z;2021-09-16T00:01:00.0000000Z;2021-09-16T23:59:00.0000000Z;6.762974731713938E-06;9.266243995683334E-06;6.520170504223925E-06;8.664913269222127E-06
2021-09-17T00:00:00.0000000Z;2021-09-18T00:00:00.0000000Z;2021-09-17T00:01:00.0000000Z;2021-09-17T23:59:00.0000000Z;8.93E-06;9.68E-06;8.14E-06;8.43E-06
2021-09-18T00:00:00.0000000Z;2021-09-19T00:00:00.0000000Z;2021-09-18T00:01:00.0000000Z;2021-09-18T23:59:00.0000000Z;8.45895118776199E-06;8.603811948809823E-06;7.61487089462781E-06;7.848576502473144E-06
2021-09-19T00:00:00.0000000Z;2021-09-20T00:00:00.0000000Z;2021-09-19T00:01:00.0000000Z;2021-09-19T23:59:00.0000000Z;7.84E-06;8.46E-06;7.37E-06;8.15E-06
2021-09-20T00:00:00.0000000Z;2021-09-21T00:00:00.0000000Z;2021-09-20T00:01:00.0000000Z;2021-09-20T23:59:00.0000000Z;8.18E-06;8.19E-06;6.82E-06;6.98E-06
2021-09-21T00:00:00.0000000Z;2021-09-22T00:00:00.0000000Z;2021-09-21T00:01:00.0000000Z;2021-09-21T23:59:00.0000000Z;7.014797155324887E-06;7.3258055476658044E-06;6.60207425578408E-06;6.887716062015204E-06
2021-09-22T00:00:00.0000000Z;2021-09-23T00:00:00.0000000Z;2021-09-22T00:01:00.0000000Z;2021-09-22T23:59:00.0000000Z;6.856676821980042E-06;7.327950560593382E-06;6.842829147136843E-06;7.24952622173422E-06
2021-09-23T00:00:00.0000000Z;2021-09-24T00:00:00.0000000Z;2021-09-23T00:01:00.0000000Z;2021-09-23T23:59:00.0000000Z;7.244519947025161E-06;7.72959038350741E-06;7.11445332205627E-06;7.645993487450661E-06
2021-09-24T00:00:00.0000000Z;2021-09-25T00:00:00.0000000Z;2021-09-24T00:01:00.0000000Z;2021-09-24T23:59:00.0000000Z;7.65E-06;7.84E-06;6.77E-06;7.38E-06
2021-09-25T00:00:00.0000000Z;2021-09-26T00:00:00.0000000Z;2021-09-25T00:01:00.0000000Z;2021-09-25T23:59:00.0000000Z;7.39E-06;7.6E-06;7.12E-06;7.33E-06
2021-09-26T00:00:00.0000000Z;2021-09-27T00:00:00.0000000Z;2021-09-26T00:01:00.0000000Z;2021-09-26T23:59:00.0000000Z;7.33E-06;7.33E-06;6.84E-06;7.09E-06
2021-09-27T00:00:00.0000000Z;2021-09-28T00:00:00.0000000Z;2021-09-27T00:01:00.0000000Z;2021-09-27T23:59:00.0000000Z;7.09E-06;7.26E-06;6.91E-06;6.99E-06
2021-09-28T00:00:00.0000000Z;2021-09-29T00:00:00.0000000Z;2021-09-28T00:01:00.0000000Z;2021-09-28T23:59:00.0000000Z;6.984589640370936E-06;7.165155947507798E-06;6.82665619495809E-06;6.9787231738595765E-06
2021-09-29T00:00:00.0000000Z;2021-09-30T00:00:00.0000000Z;2021-09-29T00:01:00.0000000Z;2021-09-29T23:59:00.0000000Z;6.981802816690467E-06;7.171922698030969E-06;6.921653414823632E-06;7.021320349780118E-06
2021-09-30T00:00:00.0000000Z;2021-10-01T00:00:00.0000000Z;2021-09-30T00:01:00.0000000Z;2021-09-30T23:59:00.0000000Z;7.01E-06;7.43E-06;7.01E-06;7.2E-06
2021-10-01T00:00:00.0000000Z;2021-10-02T00:00:00.0000000Z;2021-10-01T00:01:00.0000000Z;2021-10-01T23:59:00.0000000Z;7.214505060169141E-06;7.787182304521778E-06;7.163750107504193E-06;7.705092547076688E-06
2021-10-02T00:00:00.0000000Z;2021-10-03T00:00:00.0000000Z;2021-10-02T00:01:00.0000000Z;2021-10-02T23:59:00.0000000Z;7.704505017732005E-06;8.24301890118602E-06;7.435322606949861E-06;7.910010925113589E-06
2021-10-03T00:00:00.0000000Z;2021-10-04T00:00:00.0000000Z;2021-10-03T00:01:00.0000000Z;2021-10-03T23:59:00.0000000Z;7.890366121138365E-06;9.030381036525884E-06;7.650642751976302E-06;8.548979342540717E-06
2021-10-04T00:00:00.0000000Z;2021-10-05T00:00:00.0000000Z;2021-10-04T00:01:00.0000000Z;2021-10-04T23:59:00.0000000Z;8.53E-06;1.517E-05;8.23E-06;1.354E-05
2021-10-05T00:00:00.0000000Z;2021-10-06T00:00:00.0000000Z;2021-10-05T00:01:00.0000000Z;2021-10-05T23:59:00.0000000Z;1.3446530088406405E-05;2.1519259815983942E-05;1.213897396798917E-05;1.7280538254286642E-05
2021-10-06T00:00:00.0000000Z;2021-10-07T00:00:00.0000000Z;2021-10-06T00:01:00.0000000Z;2021-10-06T23:59:00.0000000Z;1.744E-05;2.943E-05;1.664E-05;2.817E-05
2021-10-07T00:00:00.0000000Z;2021-10-08T00:00:00.0000000Z;2021-10-07T00:01:00.0000000Z;2021-10-07T23:59:00.0000000Z;2.7625903589656414E-05;3.524852212739493E-05;2.0716027032724057E-05;2.2692265819948595E-05
2021-10-08T00:00:00.0000000Z;2021-10-09T00:00:00.0000000Z;2021-10-08T00:01:00.0000000Z;2021-10-08T23:59:00.0000000Z;2.3277247460194606E-05;2.9492997181002517E-05;2.065862184224719E-05;2.7313994868475173E-05
2021-10-09T00:00:00.0000000Z;2021-10-10T00:00:00.0000000Z;2021-10-09T00:01:00.0000000Z;2021-10-09T23:59:00.0000000Z;2.7047590862632242E-05;3.006572642502065E-05;2.4521135787412287E-05;2.6684155986463686E-05
2021-10-10T00:00:00.0000000Z;2021-10-11T00:00:00.0000000Z;2021-10-10T00:01:00.0000000Z;2021-10-10T23:59:00.0000000Z;2.6716347235214757E-05;2.770802528822044E-05;2.513612276061676E-05;2.619378859759227E-05
2021-10-11T00:00:00.0000000Z;2021-10-12T00:00:00.0000000Z;2021-10-11T00:01:00.0000000Z;2021-10-11T23:59:00.0000000Z;2.615E-05;3.203E-05;2.589E-05;3.076E-05
2021-10-12T00:00:00.0000000Z;2021-10-13T00:00:00.0000000Z;2021-10-12T00:01:00.0000000Z;2021-10-12T23:59:00.0000000Z;3.056E-05;3.156E-05;2.747E-05;2.906E-05
2021-10-13T00:00:00.0000000Z;2021-10-14T00:00:00.0000000Z;2021-10-13T00:01:00.0000000Z;2021-10-13T23:59:00.0000000Z;2.90644776214457E-05;3.0622196858179544E-05;2.7806627646915074E-05;2.9126495347597703E-05
2021-10-14T00:00:00.0000000Z;2021-10-15T00:00:00.0000000Z;2021-10-14T00:01:00.0000000Z;2021-10-14T23:59:00.0000000Z;2.911272230559407E-05;2.98203922471277E-05;2.651415634260176E-05;2.741492818044722E-05
2021-10-15T00:00:00.0000000Z;2021-10-16T00:00:00.0000000Z;2021-10-15T00:01:00.0000000Z;2021-10-15T23:59:00.0000000Z;2.7327628107870316E-05;2.750427659839906E-05;2.3419070830207074E-05;2.516909843749601E-05
2021-10-16T00:00:00.0000000Z;2021-10-17T00:00:00.0000000Z;2021-10-16T00:01:00.0000000Z;2021-10-16T23:59:00.0000000Z;2.5270924136690976E-05;2.6514007466238172E-05;2.4752255771336873E-05;2.57096942077875E-05
2021-10-17T00:00:00.0000000Z;2021-10-18T00:00:00.0000000Z;2021-10-17T00:01:00.0000000Z;2021-10-17T23:59:00.0000000Z;2.573E-05;2.899E-05;2.384E-05;2.779E-05
2021-10-18T00:00:00.0000000Z;2021-10-19T00:00:00.0000000Z;2021-10-18T00:01:00.0000000Z;2021-10-18T23:59:00.0000000Z;2.7845495318974305E-05;2.9485024485613857E-05;2.6410719219740357E-05;2.87129814692897E-05
2021-10-19T00:00:00.0000000Z;2021-10-20T00:00:00.0000000Z;2021-10-19T00:01:00.0000000Z;2021-10-19T23:59:00.0000000Z;2.86E-05;2.915E-05;2.753E-05;2.802E-05
2021-10-20T00:00:00.0000000Z;2021-10-21T00:00:00.0000000Z;2021-10-20T00:01:00.0000000Z;2021-10-20T23:59:00.0000000Z;2.8035153335242136E-05;2.9500179767984853E-05;2.7250816114249163E-05;2.9290584725952122E-05
2021-10-21T00:00:00.0000000Z;2021-10-22T00:00:00.0000000Z;2021-10-21T00:01:00.0000000Z;2021-10-21T23:59:00.0000000Z;2.9118672074323194E-05;2.9191807237613206E-05;2.710243813858612E-05;2.748657766993973E-05
2021-10-22T00:00:00.0000000Z;2021-10-23T00:00:00.0000000Z;2021-10-22T00:01:00.0000000Z;2021-10-22T23:59:00.0000000Z;2.7505029050438435E-05;2.848407417173052E-05;2.7044000392263578E-05;2.790973924497335E-05
2021-10-23T00:00:00.0000000Z;2021-10-24T00:00:00.0000000Z;2021-10-23T00:01:00.0000000Z;2021-10-23T23:59:00.0000000Z;2.7924744386335973E-05;3.453903598480888E-05;2.766558793642648E-05;3.38520050195549E-05
2021-10-24T00:00:00.0000000Z;2021-10-25T00:00:00.0000000Z;2021-10-24T00:01:00.0000000Z;2021-10-24T23:59:00.0000000Z;3.404977427784424E-05;4.4522662704211885E-05;3.3610611759860345E-05;3.580520256807859E-05
2021-10-25T00:00:00.0000000Z;2021-10-26T00:00:00.0000000Z;2021-10-25T00:01:00.0000000Z;2021-10-25T23:59:00.0000000Z;3.627E-05;4.3609886129096745E-05;3.523E-05;4.220004904796563E-05
2021-10-26T00:00:00.0000000Z;2021-10-27T00:00:00.0000000Z;2021-10-26T00:01:00.0000000Z;2021-10-26T23:59:00.0000000Z;4.2202435769744535E-05;4.958643978478281E-05;4.054169630487391E-05;4.779179374376839E-05
2021-10-27T00:00:00.0000000Z;2021-10-28T00:00:00.0000000Z;2021-10-27T00:01:00.0000000Z;2021-10-27T23:59:00.0000000Z;4.776459269132448E-05;8.531905881480318E-05;4.6944361959733124E-05;8.114127946127827E-05
2021-10-28T00:00:00.0000000Z;2021-10-29T00:00:00.0000000Z;2021-10-28T00:01:00.0000000Z;2021-10-28T23:59:00.0000000Z;8.294E-05;8.883E-05;5.652E-05;6.87E-05
2021-10-29T00:00:00.0000000Z;2021-10-30T00:00:00.0000000Z;2021-10-29T00:01:00.0000000Z;2021-10-29T23:59:00.0000000Z;6.85E-05;7.74E-05;6.05E-05;7.48E-05
2021-10-30T00:00:00.0000000Z;2021-10-31T00:00:00.0000000Z;2021-10-30T00:01:00.0000000Z;2021-10-30T23:59:00.0000000Z;7.466378513270333E-05;7.795071512912172E-05;6.18978786200448E-05;6.496556024241809E-05
2021-10-31T00:00:00.0000000Z;2021-11-01T00:00:00.0000000Z;2021-10-31T00:01:00.0000000Z;2021-10-31T23:59:00.0000000Z;6.52E-05;6.96E-05;5.86E-05;6.72E-05
2021-11-01T00:00:00.0000000Z;2021-11-02T00:00:00.0000000Z;2021-11-01T00:01:00.0000000Z;2021-11-01T23:59:00.0000000Z;6.73E-05;7.5E-05;6.6E-05;7.16E-05
2021-11-02T00:00:00.0000000Z;2021-11-03T00:00:00.0000000Z;2021-11-02T00:01:00.0000000Z;2021-11-02T23:59:00.0000000Z;7.18E-05;7.300216483623993E-05;6.660117103862378E-05;6.880312971736115E-05
2021-11-03T00:00:00.0000000Z;2021-11-04T00:00:00.0000000Z;2021-11-03T00:01:00.0000000Z;2021-11-03T23:59:00.0000000Z;6.9032757310271E-05;6.9032757310271E-05;5.2187520564635804E-05;5.4514937951377706E-05
2021-11-04T00:00:00.0000000Z;2021-11-05T00:00:00.0000000Z;2021-11-04T00:01:00.0000000Z;2021-11-04T23:59:00.0000000Z;5.4995202318051856E-05;6.094628710521131E-05;4.303423588025759E-05;4.940195345866012E-05
2021-11-05T00:00:00.0000000Z;2021-11-06T00:00:00.0000000Z;2021-11-05T00:01:00.0000000Z;2021-11-05T23:59:00.0000000Z;4.895811287450401E-05;6.543032674679828E-05;4.542800259103035E-05;6.250146871305615E-05
2021-11-06T00:00:00.0000000Z;2021-11-07T00:00:00.0000000Z;2021-11-06T00:01:00.0000000Z;2021-11-06T23:59:00.0000000Z;6.29E-05;6.31E-05;5.51E-05;5.85E-05
2021-11-07T00:00:00.0000000Z;2021-11-08T00:00:00.0000000Z;2021-11-07T00:01:00.0000000Z;2021-11-07T23:59:00.0000000Z;5.86E-05;5.96E-05;5.6E-05;5.69E-05
2021-11-08T00:00:00.0000000Z;2021-11-09T00:00:00.0000000Z;2021-11-08T00:01:00.0000000Z;2021-11-08T23:59:00.0000000Z;5.703593626507954E-05;5.902642168799321E-05;5.2990509409423815E-05;5.5228982906547346E-05
2021-11-09T00:00:00.0000000Z;2021-11-10T00:00:00.0000000Z;2021-11-09T00:01:00.0000000Z;2021-11-09T23:59:00.0000000Z;5.516578727190869E-05;5.843472248952534E-05;5.354290390478852E-05;5.489388278232266E-05
2021-11-10T00:00:00.0000000Z;2021-11-11T00:00:00.0000000Z;2021-11-10T00:01:00.0000000Z;2021-11-10T23:59:00.0000000Z;5.4656891659056946E-05;5.5210145832539785E-05;4.602823037782821E-05;5.0472999382945744E-05
2021-11-11T00:00:00.0000000Z;2021-11-12T00:00:00.0000000Z;2021-11-11T00:01:00.0000000Z;2021-11-11T23:59:00.0000000Z;5.051964482971841E-05;5.786241380967039E-05;4.859408958320782E-05;5.6654141081637214E-05
2021-11-12T00:00:00.0000000Z;2021-11-13T00:00:00.0000000Z;2021-11-12T00:01:00.0000000Z;2021-11-12T23:59:00.0000000Z;5.6788341277051465E-05;5.686328696669761E-05;5.1347397004776914E-05;5.2398975042007246E-05
2021-11-13T00:00:00.0000000Z;2021-11-14T00:00:00.0000000Z;2021-11-13T00:01:00.0000000Z;2021-11-13T23:59:00.0000000Z;5.238588823615638E-05;5.2836504554693145E-05;5.080828320912751E-05;5.1662499823473904E-05
2021-11-14T00:00:00.0000000Z;2021-11-15T00:00:00.0000000Z;2021-11-14T00:01:00.0000000Z;2021-11-14T23:59:00.0000000Z;5.1705071130876905E-05;5.611659557052552E-05;5.158702256557012E-05;5.324030034422099E-05
2021-11-15T00:00:00.0000000Z;2021-11-16T00:00:00.0000000Z;2021-11-15T00:01:00.0000000Z;2021-11-15T23:59:00.0000000Z;5.321760652309752E-05;5.592706180258493E-05;5.235935532511712E-05;5.3359451441811764E-05
2021-11-16T00:00:00.0000000Z;2021-11-17T00:00:00.0000000Z;2021-11-16T00:01:00.0000000Z;2021-11-16T23:59:00.0000000Z;5.338253775893131E-05;5.338253775893131E-05;4.5664341735933275E-05;4.847267102960079E-05
2021-11-17T00:00:00.0000000Z;2021-11-18T00:00:00.0000000Z;2021-11-17T00:01:00.0000000Z;2021-11-17T23:59:00.0000000Z;4.8445346694474705E-05;4.986096772641384E-05;4.687190368713253E-05;4.8119399768198394E-05
2021-11-18T00:00:00.0000000Z;2021-11-19T00:00:00.0000000Z;2021-11-18T00:01:00.0000000Z;2021-11-18T23:59:00.0000000Z;4.809865533822883E-05;4.895311709905973E-05;4.072764039958581E-05;4.248134226553641E-05
2021-11-19T00:00:00.0000000Z;2021-11-20T00:00:00.0000000Z;2021-11-19T00:01:00.0000000Z;2021-11-19T23:59:00.0000000Z;4.270271603973004E-05;5.216795096132122E-05;4.185363265468359E-05;4.85738392975977E-05
2021-11-20T00:00:00.0000000Z;2021-11-21T00:00:00.0000000Z;2021-11-20T00:01:00.0000000Z;2021-11-20T23:59:00.0000000Z;4.8572950433673734E-05;4.9938030192675E-05;4.573836662421911E-05;4.765967713043531E-05
2021-11-21T00:00:00.0000000Z;2021-11-22T00:00:00.0000000Z;2021-11-21T00:01:00.0000000Z;2021-11-21T23:59:00.0000000Z;4.760545049486368E-05;4.760545049486368E-05;4.360981650726842E-05;4.410124095153209E-05
2021-11-22T00:00:00.0000000Z;2021-11-23T00:00:00.0000000Z;2021-11-22T00:01:00.0000000Z;2021-11-22T23:59:00.0000000Z;4.410065312306038E-05;4.619985149270834E-05;4.280017783073245E-05;4.3200360107233203E-05
2021-11-23T00:00:00.0000000Z;2021-11-24T00:00:00.0000000Z;2021-11-23T00:00:00.0000000Z;2021-11-23T23:59:00.0000000Z;4.322320649092741E-05;4.4437324821999256E-05;4.122611832552897E-05;4.185548613919377E-05
2021-11-24T00:00:00.0000000Z;2021-11-25T00:00:00.0000000Z;2021-11-24T00:00:00.0000000Z;2021-11-24T23:59:00.0000000Z;4.191619898113591E-05;4.281116207452857E-05;3.5751584853343534E-05;3.7850673424660726E-05
2021-11-25T00:00:00.0000000Z;2021-11-26T00:00:00.0000000Z;2021-11-25T00:00:00.0000000Z;2021-11-25T23:59:00.0000000Z;3.785056216319504E-05;4.794779616389738E-05;3.7850058558666154E-05;4.25499526400379E-05
2021-11-26T00:00:00.0000000Z;2021-11-27T00:00:00.0000000Z;2021-11-26T00:00:00.0000000Z;2021-11-26T23:59:00.0000000Z;4.255059060658616E-05;4.265046245610048E-05;3.639680973920978E-05;3.854988338696756E-05
2021-11-27T00:00:00.0000000Z;2021-11-28T00:00:00.0000000Z;2021-11-27T00:00:00.0000000Z;2021-11-27T23:59:00.0000000Z;3.874915153966048E-05;4.164659795009636E-05;3.825042221960024E-05;3.9250042925028724E-05
2021-11-28T00:00:00.0000000Z;2021-11-29T00:00:00.0000000Z;2021-11-28T00:00:00.0000000Z;2021-11-28T23:59:00.0000000Z;3.9250042925028724E-05;3.954891157414462E-05;3.655077386177299E-05;3.914967750345026E-05
2021-11-29T00:00:00.0000000Z;2021-11-30T00:00:00.0000000Z;2021-11-29T00:00:00.0000000Z;2021-11-29T23:59:00.0000000Z;3.914967750345026E-05;4.562176292127909E-05;3.8650207112790925E-05;4.562176292127909E-05
2021-11-30T00:00:00.0000000Z;2021-12-01T00:00:00.0000000Z;2021-11-30T00:00:00.0000000Z;2021-11-30T23:59:00.0000000Z;4.539550558149737E-05;5.4028987929921455E-05;4.345401663531336E-05;4.745980160045789E-05
2021-12-01T00:00:00.0000000Z;2021-12-02T00:00:00.0000000Z;2021-12-01T00:00:00.0000000Z;2021-12-01T23:59:00.0000000Z;4.74383070190201E-05;4.86206934815225E-05;4.3622944531771397E-05;4.419970404663867E-05
2021-12-02T00:00:00.0000000Z;2021-12-03T00:00:00.0000000Z;2021-12-02T00:00:00.0000000Z;2021-12-02T23:59:00.0000000Z;4.414719544391365E-05;4.421301809257488E-05;4.136665485385854E-05;4.221896030457266E-05
2021-12-03T00:00:00.0000000Z;2021-12-04T00:00:00.0000000Z;2021-12-03T00:00:00.0000000Z;2021-12-03T23:59:00.0000000Z;4.222537268194815E-05;4.481504701379729E-05;3.9532707091146445E-05;4.0385838733228175E-05
2021-12-04T00:00:00.0000000Z;2021-12-05T00:00:00.0000000Z;2021-12-04T00:00:00.0000000Z;2021-12-04T23:59:00.0000000Z;4.042295194673896E-05;4.049559579152777E-05;3.120719862526053E-05;3.665341292820625E-05
2021-12-05T00:00:00.0000000Z;2021-12-06T00:00:00.0000000Z;2021-12-05T00:00:00.0000000Z;2021-12-05T23:59:00.0000000Z;3.659335206747707E-05;3.807737756020364E-05;3.455626330071768E-05;3.631593766385615E-05
2021-12-06T00:00:00.0000000Z;2021-12-07T00:00:00.0000000Z;2021-12-06T00:00:00.0000000Z;2021-12-06T23:59:00.0000000Z;3.6356331785850505E-05;3.7520773016815516E-05;3.287519873069729E-05;3.69616961322607E-05
2021-12-07T00:00:00.0000000Z;2021-12-08T00:00:00.0000000Z;2021-12-07T00:00:00.0000000Z;2021-12-07T23:59:00.0000000Z;3.6903365972300197E-05;3.870581672210194E-05;3.5754224781479336E-05;3.6264263771554956E-05
2021-12-08T00:00:00.0000000Z;2021-12-09T00:00:00.0000000Z;2021-12-08T00:00:00.0000000Z;2021-12-08T23:59:00.0000000Z;3.6279355276115936E-05;3.761969553207166E-05;3.5740621981266316E-05;3.696770721380621E-05
2021-12-09T00:00:00.0000000Z;2021-12-10T00:00:00.0000000Z;2021-12-09T00:00:00.0000000Z;2021-12-09T23:59:00.0000000Z;3.697829744486327E-05;3.730747765277923E-05;3.4246419568523307E-05;3.470224624395658E-05
2021-12-10T00:00:00.0000000Z;2021-12-11T00:00:00.0000000Z;2021-12-10T00:00:00.0000000Z;2021-12-10T23:59:00.0000000Z;3.4692270265535286E-05;3.618267751723596E-05;3.343971046883467E-05;3.354900933888901E-05
2021-12-11T00:00:00.0000000Z;2021-12-12T00:00:00.0000000Z;2021-12-11T00:00:00.0000000Z;2021-12-11T23:59:00.0000000Z;3.348472879508689E-05;3.5009470617167066E-05;3.3175430882181985E-05;3.4411860557805706E-05
2021-12-12T00:00:00.0000000Z;2021-12-13T00:00:00.0000000Z;2021-12-12T00:00:00.0000000Z;2021-12-12T23:59:00.0000000Z;3.441652644479766E-05;3.775490432488842E-05;3.381889952120204E-05;3.664889685983902E-05
2021-12-13T00:00:00.0000000Z;2021-12-14T00:00:00.0000000Z;2021-12-13T00:00:00.0000000Z;2021-12-13T23:59:00.0000000Z;3.662563813418704E-05;3.680147633759807E-05;3.18170649279493E-05;3.295268358144133E-05
2021-12-14T00:00:00.0000000Z;2021-12-15T00:00:00.0000000Z;2021-12-14T00:00:00.0000000Z;2021-12-14T23:59:00.0000000Z;3.293741715750549E-05;3.564498998294296E-05;3.247492275746953E-05;3.399054588907228E-05
2021-12-15T00:00:00.0000000Z;2021-12-16T00:00:00.0000000Z;2021-12-15T00:00:00.0000000Z;2021-12-15T23:59:00.0000000Z;3.399165950793083E-05;3.438728552673789E-05;3.2150850940874705E-05;3.38497349037853E-05
2021-12-16T00:00:00.0000000Z;2021-12-17T00:00:00.0000000Z;2021-12-16T00:00:00.0000000Z;2021-12-16T23:59:00.0000000Z;3.381634053261109E-05;3.456630964409477E-05;3.2687164484795346E-05;3.275733434386268E-05
2021-12-17T00:00:00.0000000Z;2021-12-18T00:00:00.0000000Z;2021-12-17T00:00:00.0000000Z;2021-12-17T23:59:00.0000000Z;3.272544251255367E-05;3.3167968005364474E-05;3.0305228369229098E-05;3.121307108295495E-05
2021-12-18T00:00:00.0000000Z;2021-12-19T00:00:00.0000000Z;2021-12-18T00:00:00.0000000Z;2021-12-18T23:59:00.0000000Z;3.116687266255632E-05;3.215467992551619E-05;3.080552243621419E-05;3.142923850694563E-05
2021-12-19T00:00:00.0000000Z;2021-12-20T00:00:00.0000000Z;2021-12-19T00:00:00.0000000Z;2021-12-19T23:59:00.0000000Z;3.142664752469511E-05;3.186555071594458E-05;3.067136354502429E-05;3.07651046330672E-05
2021-12-20T00:00:00.0000000Z;2021-12-21T00:00:00.0000000Z;2021-12-20T00:00:00.0000000Z;2021-12-20T23:59:00.0000000Z;3.0764637906314305E-05;3.351606371242907E-05;2.8302821648819828E-05;3.1217326588432624E-05
2021-12-21T00:00:00.0000000Z;2021-12-22T00:00:00.0000000Z;2021-12-21T00:00:00.0000000Z;2021-12-21T23:59:00.0000000Z;3.1215916557722214E-05;3.337216772740951E-05;3.102160331614189E-05;3.285703443904345E-05
2021-12-22T00:00:00.0000000Z;2021-12-23T00:00:00.0000000Z;2021-12-22T00:00:00.0000000Z;2021-12-22T23:59:00.0000000Z;3.2854201364660346E-05;3.764927734608618E-05;3.256624664333196E-05;3.5005431490841315E-05
2021-12-23T00:00:00.0000000Z;2021-12-24T00:00:00.0000000Z;2021-12-23T00:00:00.0000000Z;2021-12-23T23:59:00.0000000Z;3.5017150779595996E-05;3.893928216802789E-05;3.448839087185331E-05;3.864003873321851E-05
2021-12-24T00:00:00.0000000Z;2021-12-25T00:00:00.0000000Z;2021-12-24T00:00:00.0000000Z;2021-12-24T23:59:00.0000000Z;3.866566940513626E-05;3.9845374693830964E-05;3.577165630244811E-05;3.6160212136222474E-05
2021-12-25T00:00:00.0000000Z;2021-12-26T00:00:00.0000000Z;2021-12-25T00:00:00.0000000Z;2021-12-25T23:59:00.0000000Z;3.6180467296537514E-05;3.8242549949796034E-05;3.593294793506825E-05;3.769310688636627E-05
2021-12-26T00:00:00.0000000Z;2021-12-27T00:00:00.0000000Z;2021-12-26T00:00:00.0000000Z;2021-12-26T23:59:00.0000000Z;3.7707690299693454E-05;3.881503907862121E-05;3.6694376723164136E-05;3.829316598268074E-05
2021-12-27T00:00:00.0000000Z;2021-12-28T00:00:00.0000000Z;2021-12-27T00:00:00.0000000Z;2021-12-27T23:59:00.0000000Z;3.826437014851374E-05;3.9468370396803075E-05;3.7788409927954576E-05;3.903812782920303E-05
2021-12-28T00:00:00.0000000Z;2021-12-29T00:00:00.0000000Z;2021-12-28T00:00:00.0000000Z;2021-12-28T23:59:00.0000000Z;3.9087400759395626E-05;3.9087400759395626E-05;3.416264761636604E-05;3.4929790767905716E-05
2021-12-29T00:00:00.0000000Z;2021-12-30T00:00:00.0000000Z;2021-12-29T00:00:00.0000000Z;2021-12-29T23:59:00.0000000Z;3.493401047790864E-05;3.623875408257798E-05;3.318733882407324E-05;3.363604486053162E-05
2021-12-30T00:00:00.0000000Z;2021-12-31T00:00:00.0000000Z;2021-12-30T00:00:00.0000000Z;2021-12-30T23:59:00.0000000Z;3.361740910349914E-05;3.434348605044465E-05;3.2991893046484917E-05;3.3755961592689E-05
2021-12-31T00:00:00.0000000Z;2022-01-01T00:00:00.0000000Z;2021-12-31T00:00:00.0000000Z;2021-12-31T23:59:00.0000000Z;3.375518492891671E-05;3.4631776447972216E-05;3.27369136705646E-05;3.3350298396143655E-05
2022-01-01T00:00:00.0000000Z;2022-01-02T00:00:00.0000000Z;2022-01-01T00:00:00.0000000Z;2022-01-01T23:59:00.0000000Z;3.335128278822972E-05;3.417669498159412E-05;3.335128278822972E-05;3.416273415407329E-05
2022-01-02T00:00:00.0000000Z;2022-01-03T00:00:00.0000000Z;2022-01-02T00:00:00.0000000Z;2022-01-02T23:59:00.0000000Z;3.4141054469838664E-05;3.444684187401014E-05;3.349216380780953E-05;3.4034339274956626E-05
2022-01-03T00:00:00.0000000Z;2022-01-04T00:00:00.0000000Z;2022-01-03T00:00:00.0000000Z;2022-01-03T23:59:00.0000000Z;3.4045021430810506E-05;3.407567805642012E-05;3.219235050819321E-05;3.3037550820365586E-05
2022-01-04T00:00:00.0000000Z;2022-01-05T00:00:00.0000000Z;2022-01-04T00:00:00.0000000Z;2022-01-04T23:59:00.0000000Z;3.304524181230449E-05;3.347128166247453E-05;3.23736128831403E-05;3.243866231546474E-05
2022-01-05T00:00:00.0000000Z;2022-01-06T00:00:00.0000000Z;2022-01-05T00:00:00.0000000Z;2022-01-05T23:59:00.0000000Z;3.2430570391049943E-05;3.297844393830597E-05;2.876438446541139E-05;3.0442911090745753E-05
2022-01-06T00:00:00.0000000Z;2022-01-07T00:00:00.0000000Z;2022-01-06T00:01:00.0000000Z;2022-01-06T23:59:00.0000000Z;3.034957470546469E-05;3.1750505633612805E-05;2.9242308277158875E-05;3.0780667917310225E-05
2022-01-07T00:00:00.0000000Z;2022-01-08T00:00:00.0000000Z;2022-01-07T00:00:00.0000000Z;2022-01-07T23:59:00.0000000Z;3.0747099566187904E-05;3.084107544750844E-05;2.8477880128021274E-05;2.895110076834151E-05
2022-01-08T00:00:00.0000000Z;2022-01-09T00:00:00.0000000Z;2022-01-08T00:00:00.0000000Z;2022-01-08T23:59:00.0000000Z;2.8974962082406998E-05;2.9911650992003283E-05;2.645033058354351E-05;2.7756469616758824E-05
2022-01-09T00:00:00.0000000Z;2022-01-10T00:00:00.0000000Z;2022-01-09T00:00:00.0000000Z;2022-01-09T23:59:00.0000000Z;2.774818374420288E-05;2.906960922602278E-05;2.7543936263404577E-05;2.8266467473765745E-05
2022-01-10T00:00:00.0000000Z;2022-01-11T00:00:00.0000000Z;2022-01-10T00:00:00.0000000Z;2022-01-10T23:59:00.0000000Z;2.8254879387998073E-05;2.872437808299329E-05;2.5616821605310702E-05;2.6683373552760683E-05
2022-01-11T00:00:00.0000000Z;2022-01-12T00:00:00.0000000Z;2022-01-11T00:00:00.0000000Z;2022-01-11T23:59:00.0000000Z;2.668600690999237E-05;2.8276021072628893E-05;2.63460119926581E-05;2.763807658884471E-05
2022-01-12T00:00:00.0000000Z;2022-01-13T00:00:00.0000000Z;2022-01-12T00:00:00.0000000Z;2022-01-12T23:59:00.0000000Z;2.7642802905351133E-05;3.2449493989406056E-05;2.757206738096836E-05;3.155020669592367E-05
2022-01-13T00:00:00.0000000Z;2022-01-14T00:00:00.0000000Z;2022-01-13T00:00:00.0000000Z;2022-01-13T23:59:00.0000000Z;3.154873947509711E-05;3.275085303585345E-05;2.9250333770863222E-05;2.9649118827127934E-05
2022-01-14T00:00:00.0000000Z;2022-01-15T00:00:00.0000000Z;2022-01-14T00:00:00.0000000Z;2022-01-14T23:59:00.0000000Z;2.9650424524215317E-05;3.2502699204263696E-05;2.9350116152558168E-05;3.0837612691083384E-05
2022-01-15T00:00:00.0000000Z;2022-01-16T00:00:00.0000000Z;2022-01-15T00:00:00.0000000Z;2022-01-15T23:59:00.0000000Z;3.0837609261622276E-05;3.1548852947047115E-05;3.055058774981091E-05;3.084957063046998E-05
2022-01-16T00:00:00.0000000Z;2022-01-17T00:00:00.0000000Z;2022-01-16T00:00:00.0000000Z;2022-01-16T23:59:00.0000000Z;3.084967297104574E-05;3.095006994816435E-05;3.014957848249091E-05;3.054938660929337E-05
2022-01-17T00:00:00.0000000Z;2022-01-18T00:00:00.0000000Z;2022-01-17T00:00:00.0000000Z;2022-01-17T23:59:00.0000000Z;3.054915378407076E-05;3.055058256336237E-05;2.8349563639676537E-05;2.884958603146259E-05
2022-01-18T00:00:00.0000000Z;2022-01-19T00:00:00.0000000Z;2022-01-18T00:00:00.0000000Z;2022-01-18T23:59:00.0000000Z;2.8849694711707826E-05;2.9450138881205955E-05;2.7450306817864833E-05;2.814956142741577E-05
2022-01-19T00:00:00.0000000Z;2022-01-20T00:00:00.0000000Z;2022-01-19T00:00:00.0000000Z;2022-01-19T23:59:00.0000000Z;2.8149271803636904E-05;2.8250076362049553E-05;2.7150095474971566E-05;2.7349750398066305E-05
2022-01-20T00:00:00.0000000Z;2022-01-21T00:00:00.0000000Z;2022-01-20T00:00:00.0000000Z;2022-01-20T23:59:00.0000000Z;2.725012480096685E-05;2.875020053615151E-05;2.634979788302528E-05;2.635144310902993E-05
2022-01-21T00:00:00.0000000Z;2022-01-22T00:00:00.0000000Z;2022-01-21T00:00:00.0000000Z;2022-01-21T23:59:00.0000000Z;2.645003749426678E-05;2.6849102107814493E-05;2.175004524005967E-05;2.2250282849300848E-05
2022-01-22T00:00:00.0000000Z;2022-01-23T00:00:00.0000000Z;2022-01-22T00:00:00.0000000Z;2022-01-22T23:59:00.0000000Z;2.224999313599889E-05;2.2450615061740563E-05;1.7249376451795257E-05;2.0549080588966543E-05
2022-01-23T00:00:00.0000000Z;2022-01-24T00:00:00.0000000Z;2022-01-23T00:00:00.0000000Z;2022-01-23T23:59:00.0000000Z;2.0549639661237992E-05;2.3550079393707137E-05;2.0548372905387434E-05;2.2449919033782556E-05
2022-01-24T00:00:00.0000000Z;2022-01-25T00:00:00.0000000Z;2022-01-24T00:00:00.0000000Z;2022-01-24T23:59:00.0000000Z;2.245024289865233E-05;2.3049919033782557E-05;1.874928883558323E-05;2.1249154608897702E-05
2022-01-25T00:00:00.0000000Z;2022-01-26T00:00:00.0000000Z;2022-01-25T00:00:00.0000000Z;2022-01-25T23:59:00.0000000Z;2.1150999098575443E-05;2.164892970289033E-05;2.0149681861893936E-05;2.1049198507742234E-05
2022-01-26T00:00:00.0000000Z;2022-01-27T00:00:00.0000000Z;2022-01-26T00:00:00.0000000Z;2022-01-26T23:59:00.0000000Z;2.1049427505530167E-05;2.345020965044255E-05;2.0549633684581942E-05;2.1050707020101766E-05
2022-01-27T00:00:00.0000000Z;2022-01-28T00:00:00.0000000Z;2022-01-27T00:00:00.0000000Z;2022-01-27T23:59:00.0000000Z;2.1149421207708395E-05;2.1450927244250474E-05;1.9952170518337658E-05;2.124979637656546E-05
2022-01-28T00:00:00.0000000Z;2022-01-29T00:00:00.0000000Z;2022-01-28T00:00:00.0000000Z;2022-01-28T23:59:00.0000000Z;2.1250585244097787E-05;2.144921442833656E-05;2.035050870700796E-05;2.1250433047435023E-05
2022-01-29T00:00:00.0000000Z;2022-01-30T00:00:00.0000000Z;2022-01-29T00:00:00.0000000Z;2022-01-29T23:59:00.0000000Z;2.1250433047435023E-05;2.2249495923558553E-05;2.124877757406413E-05;2.1650425117676238E-05
2022-01-30T00:00:00.0000000Z;2022-01-31T00:00:00.0000000Z;2022-01-30T00:00:00.0000000Z;2022-01-30T23:59:00.0000000Z;2.1650425117676238E-05;2.215036992845978E-05;2.0877119108508602E-05;2.107095103007626E-05
2022-01-31T00:00:00.0000000Z;2022-02-01T00:00:00.0000000Z;2022-01-31T00:00:00.0000000Z;2022-01-31T23:59:00.0000000Z;2.1118919128310178E-05;2.1567036716644795E-05;2.02142016606185E-05;2.1446280693100993E-05
2022-02-01T00:00:00.0000000Z;2022-02-02T00:00:00.0000000Z;2022-02-01T00:00:00.0000000Z;2022-02-01T00:00:00.0000000Z;2.144494150293786E-05;2.144494150293786E-05;2.144494150293786E-05;2.144494150293786E-05